Comprador,Ventas,Fecha
Comprador 1,7,2013-03-26
Comprador 2,7,2013-03-26
Comprador 3,8,2013-03-26
Comprador 4,5,2013-03-26
Comprador 5,4,2013-03-26
Comprador 1,5,2013-04-02
Comprador 2,4,2013-04-02
Comprador 3,2,2013-04-02
Comprador 4,8,2013-04-02
Comprador 5,6,2013-04-02
Comprador 1,1,2013-04-09
Comprador 2,5,2013-04-09
Comprador 3,8,2013-04-09
Comprador 4,5,2013-04-09
Comprador 5,8,2013-04-09
Comprador 1,1,2013-04-16
Comprador 2,1,2013-04-16
Comprador 3,8,2013-04-16
Comprador 4,3,2013-04-16
Comprador 5,1,2013-04-16
Comprador 1,8,2013-04-23
Comprador 2,4,2013-04-23
Comprador 3,9,2013-04-23
Comprador 4,7,2013-04-23
Comprador 5,5,2013-04-23
Comprador 1,6,2013-04-30
Comprador 2,7,2013-04-30
Comprador 3,1,2013-04-30
Comprador 4,7,2013-04-30
Comprador 5,3,2013-04-30
Comprador 1,6,2013-05-07
Comprador 2,4,2013-05-07
Comprador 3,9,2013-05-07
Comprador 4,4,2013-05-07
Comprador 5,6,2013-05-07
Comprador 1,6,2013-05-14
Comprador 2,9,2013-05-14
Comprador 3,9,2013-05-14
Comprador 4,9,2013-05-14
Comprador 5,10,2013-05-14
Comprador 1,4,2013-05-21
Comprador 2,9,2013-05-21
Comprador 3,1,2013-05-21
Comprador 4,7,2013-05-21
Comprador 5,1,2013-05-21
Comprador 1,3,2013-05-28
Comprador 2,4,2013-05-28
Comprador 3,7,2013-05-28
Comprador 4,10,2013-05-28
Comprador 5,9,2013-05-28
Comprador 1,1,2013-06-04
Comprador 2,5,2013-06-04
Comprador 3,3,2013-06-04
Comprador 4,6,2013-06-04
Comprador 5,9,2013-06-04
Comprador 1,6,2013-06-11
Comprador 2,9,2013-06-11
Comprador 3,10,2013-06-11
Comprador 4,3,2013-06-11
Comprador 5,5,2013-06-11
Comprador 1,8,2013-06-18
Comprador 2,3,2013-06-18
Comprador 3,7,2013-06-18
Comprador 4,6,2013-06-18
Comprador 5,4,2013-06-18
Comprador 1,7,2013-06-25
Comprador 2,7,2013-06-25
Comprador 3,2,2013-06-25
Comprador 4,9,2013-06-25
Comprador 5,10,2013-06-25
Comprador 1,9,2013-07-02
Comprador 2,10,2013-07-02
Comprador 3,9,2013-07-02
Comprador 4,10,2013-07-02
Comprador 5,3,2013-07-02
Comprador 1,5,2013-07-09
Comprador 2,4,2013-07-09
Comprador 3,9,2013-07-09
Comprador 4,2,2013-07-09
Comprador 5,7,2013-07-09
Comprador 1,6,2013-07-16
Comprador 2,10,2013-07-16
Comprador 3,9,2013-07-16
Comprador 4,6,2013-07-16
Comprador 5,10,2013-07-16
Comprador 1,4,2013-07-23
Comprador 2,10,2013-07-23
Comprador 3,5,2013-07-23
Comprador 4,6,2013-07-23
Comprador 5,10,2013-07-23
Comprador 1,3,2013-07-30
Comprador 2,2,2013-07-30
Comprador 3,10,2013-07-30
Comprador 4,1,2013-07-30
Comprador 5,9,2013-07-30
Comprador 1,8,2013-08-06
Comprador 2,4,2013-08-06
Comprador 3,5,2013-08-06
Comprador 4,1,2013-08-06
Comprador 5,2,2013-08-06
Comprador 1,3,2013-08-13
Comprador 2,5,2013-08-13
Comprador 3,2,2013-08-13
Comprador 4,6,2013-08-13
Comprador 5,9,2013-08-13
Comprador 1,4,2013-08-20
Comprador 2,3,2013-08-20
Comprador 3,4,2013-08-20
Comprador 4,2,2013-08-20
Comprador 5,4,2013-08-20
Comprador 1,7,2013-08-27
Comprador 2,10,2013-08-27
Comprador 3,9,2013-08-27
Comprador 4,3,2013-08-27
Comprador 5,6,2013-08-27
Comprador 1,5,2013-09-03
Comprador 2,5,2013-09-03
Comprador 3,4,2013-09-03
Comprador 4,9,2013-09-03
Comprador 5,3,2013-09-03
Comprador 1,6,2013-09-10
Comprador 2,6,2013-09-10
Comprador 3,10,2013-09-10
Comprador 4,10,2013-09-10
Comprador 5,7,2013-09-10
Comprador 1,8,2013-09-17
Comprador 2,5,2013-09-17
Comprador 3,10,2013-09-17
Comprador 4,10,2013-09-17
Comprador 5,10,2013-09-17
Comprador 1,2,2013-09-24
Comprador 2,7,2013-09-24
Comprador 3,2,2013-09-24
Comprador 4,1,2013-09-24
Comprador 5,10,2013-09-24
Comprador 1,8,2013-10-01
Comprador 2,5,2013-10-01
Comprador 3,5,2013-10-01
Comprador 4,7,2013-10-01
Comprador 5,3,2013-10-01
Comprador 1,7,2013-10-08
Comprador 2,4,2013-10-08
Comprador 3,2,2013-10-08
Comprador 4,7,2013-10-08
Comprador 5,6,2013-10-08
Comprador 1,7,2013-10-15
Comprador 2,6,2013-10-15
Comprador 3,9,2013-10-15
Comprador 4,3,2013-10-15
Comprador 5,3,2013-10-15
Comprador 1,10,2013-10-22
Comprador 2,7,2013-10-22
Comprador 3,8,2013-10-22
Comprador 4,1,2013-10-22
Comprador 5,6,2013-10-22
Comprador 1,10,2013-10-29
Comprador 2,10,2013-10-29
Comprador 3,9,2013-10-29
Comprador 4,6,2013-10-29
Comprador 5,4,2013-10-29
Comprador 1,8,2013-11-05
Comprador 2,10,2013-11-05
Comprador 3,8,2013-11-05
Comprador 4,4,2013-11-05
Comprador 5,6,2013-11-05
Comprador 1,3,2013-11-12
Comprador 2,2,2013-11-12
Comprador 3,2,2013-11-12
Comprador 4,6,2013-11-12
Comprador 5,2,2013-11-12
Comprador 1,2,2013-11-19
Comprador 2,2,2013-11-19
Comprador 3,7,2013-11-19
Comprador 4,6,2013-11-19
Comprador 5,2,2013-11-19
Comprador 1,10,2013-11-26
Comprador 2,1,2013-11-26
Comprador 3,1,2013-11-26
Comprador 4,5,2013-11-26
Comprador 5,2,2013-11-26
Comprador 1,9,2013-12-03
Comprador 2,5,2013-12-03
Comprador 3,1,2013-12-03
Comprador 4,8,2013-12-03
Comprador 5,2,2013-12-03
Comprador 1,8,2013-12-10
Comprador 2,8,2013-12-10
Comprador 3,10,2013-12-10
Comprador 4,5,2013-12-10
Comprador 5,4,2013-12-10
Comprador 1,8,2013-12-17
Comprador 2,1,2013-12-17
Comprador 3,5,2013-12-17
Comprador 4,8,2013-12-17
Comprador 5,7,2013-12-17
Comprador 1,9,2013-12-24
Comprador 2,9,2013-12-24
Comprador 3,1,2013-12-24
Comprador 4,4,2013-12-24
Comprador 5,5,2013-12-24
Comprador 1,1,2013-12-31
Comprador 2,1,2013-12-31
Comprador 3,8,2013-12-31
Comprador 4,4,2013-12-31
Comprador 5,4,2013-12-31
Comprador 1,4,2014-01-07
Comprador 2,10,2014-01-07
Comprador 3,1,2014-01-07
Comprador 4,1,2014-01-07
Comprador 5,7,2014-01-07
Comprador 1,9,2014-01-14
Comprador 2,1,2014-01-14
Comprador 3,4,2014-01-14
Comprador 4,8,2014-01-14
Comprador 5,1,2014-01-14
Comprador 1,5,2014-01-21
Comprador 2,1,2014-01-21
Comprador 3,2,2014-01-21
Comprador 4,5,2014-01-21
Comprador 5,6,2014-01-21
Comprador 1,3,2014-01-28
Comprador 2,2,2014-01-28
Comprador 3,10,2014-01-28
Comprador 4,8,2014-01-28
Comprador 5,8,2014-01-28
Comprador 1,2,2014-02-04
Comprador 2,2,2014-02-04
Comprador 3,2,2014-02-04
Comprador 4,3,2014-02-04
Comprador 5,8,2014-02-04
Comprador 1,5,2014-02-11
Comprador 2,4,2014-02-11
Comprador 3,1,2014-02-11
Comprador 4,9,2014-02-11
Comprador 5,9,2014-02-11
Comprador 1,1,2014-02-18
Comprador 2,9,2014-02-18
Comprador 3,10,2014-02-18
Comprador 4,8,2014-02-18
Comprador 5,9,2014-02-18
Comprador 1,5,2014-02-25
Comprador 2,10,2014-02-25
Comprador 3,3,2014-02-25
Comprador 4,2,2014-02-25
Comprador 5,2,2014-02-25
Comprador 1,3,2014-03-04
Comprador 2,2,2014-03-04
Comprador 3,7,2014-03-04
Comprador 4,6,2014-03-04
Comprador 5,2,2014-03-04
Comprador 1,10,2014-03-11
Comprador 2,6,2014-03-11
Comprador 3,10,2014-03-11
Comprador 4,5,2014-03-11
Comprador 5,8,2014-03-11
Comprador 1,6,2014-03-18
Comprador 2,9,2014-03-18
Comprador 3,8,2014-03-18
Comprador 4,5,2014-03-18
Comprador 5,1,2014-03-18
Comprador 1,4,2014-03-25
Comprador 2,6,2014-03-25
Comprador 3,8,2014-03-25
Comprador 4,10,2014-03-25
Comprador 5,9,2014-03-25
Comprador 1,1,2014-04-01
Comprador 2,10,2014-04-01
Comprador 3,2,2014-04-01
Comprador 4,3,2014-04-01
Comprador 5,7,2014-04-01
Comprador 1,1,2014-04-08
Comprador 2,5,2014-04-08
Comprador 3,1,2014-04-08
Comprador 4,5,2014-04-08
Comprador 5,4,2014-04-08
Comprador 1,6,2014-04-15
Comprador 2,4,2014-04-15
Comprador 3,10,2014-04-15
Comprador 4,8,2014-04-15
Comprador 5,4,2014-04-15
Comprador 1,5,2014-04-22
Comprador 2,6,2014-04-22
Comprador 3,6,2014-04-22
Comprador 4,7,2014-04-22
Comprador 5,7,2014-04-22
Comprador 1,3,2014-04-29
Comprador 2,7,2014-04-29
Comprador 3,9,2014-04-29
Comprador 4,9,2014-04-29
Comprador 5,7,2014-04-29
Comprador 1,8,2014-05-06
Comprador 2,5,2014-05-06
Comprador 3,3,2014-05-06
Comprador 4,3,2014-05-06
Comprador 5,9,2014-05-06
Comprador 1,6,2014-05-13
Comprador 2,1,2014-05-13
Comprador 3,3,2014-05-13
Comprador 4,5,2014-05-13
Comprador 5,6,2014-05-13
Comprador 1,4,2014-05-20
Comprador 2,1,2014-05-20
Comprador 3,10,2014-05-20
Comprador 4,7,2014-05-20
Comprador 5,9,2014-05-20
Comprador 1,8,2014-05-27
Comprador 2,2,2014-05-27
Comprador 3,1,2014-05-27
Comprador 4,1,2014-05-27
Comprador 5,4,2014-05-27
Comprador 1,4,2014-06-03
Comprador 2,9,2014-06-03
Comprador 3,9,2014-06-03
Comprador 4,8,2014-06-03
Comprador 5,6,2014-06-03
Comprador 1,2,2014-06-10
Comprador 2,6,2014-06-10
Comprador 3,5,2014-06-10
Comprador 4,9,2014-06-10
Comprador 5,8,2014-06-10
Comprador 1,8,2014-06-17
Comprador 2,10,2014-06-17
Comprador 3,4,2014-06-17
Comprador 4,9,2014-06-17
Comprador 5,10,2014-06-17
Comprador 1,6,2014-06-24
Comprador 2,1,2014-06-24
Comprador 3,5,2014-06-24
Comprador 4,8,2014-06-24
Comprador 5,9,2014-06-24
Comprador 1,4,2014-07-01
Comprador 2,3,2014-07-01
Comprador 3,10,2014-07-01
Comprador 4,5,2014-07-01
Comprador 5,5,2014-07-01
Comprador 1,1,2014-07-08
Comprador 2,7,2014-07-08
Comprador 3,5,2014-07-08
Comprador 4,9,2014-07-08
Comprador 5,6,2014-07-08
Comprador 1,5,2014-07-15
Comprador 2,9,2014-07-15
Comprador 3,6,2014-07-15
Comprador 4,7,2014-07-15
Comprador 5,10,2014-07-15
Comprador 1,7,2014-07-22
Comprador 2,4,2014-07-22
Comprador 3,8,2014-07-22
Comprador 4,6,2014-07-22
Comprador 5,8,2014-07-22
Comprador 1,4,2014-07-29
Comprador 2,2,2014-07-29
Comprador 3,9,2014-07-29
Comprador 4,9,2014-07-29
Comprador 5,7,2014-07-29
Comprador 1,6,2014-08-05
Comprador 2,8,2014-08-05
Comprador 3,7,2014-08-05
Comprador 4,8,2014-08-05
Comprador 5,4,2014-08-05
Comprador 1,4,2014-08-12
Comprador 2,2,2014-08-12
Comprador 3,2,2014-08-12
Comprador 4,1,2014-08-12
Comprador 5,10,2014-08-12
Comprador 1,9,2014-08-19
Comprador 2,8,2014-08-19
Comprador 3,3,2014-08-19
Comprador 4,3,2014-08-19
Comprador 5,9,2014-08-19
Comprador 1,7,2014-08-26
Comprador 2,4,2014-08-26
Comprador 3,10,2014-08-26
Comprador 4,8,2014-08-26
Comprador 5,2,2014-08-26
Comprador 1,8,2014-09-02
Comprador 2,5,2014-09-02
Comprador 3,7,2014-09-02
Comprador 4,1,2014-09-02
Comprador 5,9,2014-09-02
Comprador 1,8,2014-09-09
Comprador 2,4,2014-09-09
Comprador 3,5,2014-09-09
Comprador 4,7,2014-09-09
Comprador 5,9,2014-09-09
Comprador 1,7,2014-09-16
Comprador 2,10,2014-09-16
Comprador 3,7,2014-09-16
Comprador 4,1,2014-09-16
Comprador 5,6,2014-09-16
Comprador 1,10,2014-09-23
Comprador 2,5,2014-09-23
Comprador 3,10,2014-09-23
Comprador 4,5,2014-09-23
Comprador 5,6,2014-09-23
Comprador 1,3,2014-09-30
Comprador 2,3,2014-09-30
Comprador 3,5,2014-09-30
Comprador 4,4,2014-09-30
Comprador 5,9,2014-09-30
Comprador 1,7,2014-10-07
Comprador 2,7,2014-10-07
Comprador 3,5,2014-10-07
Comprador 4,8,2014-10-07
Comprador 5,6,2014-10-07
Comprador 1,1,2014-10-14
Comprador 2,1,2014-10-14
Comprador 3,6,2014-10-14
Comprador 4,9,2014-10-14
Comprador 5,9,2014-10-14
Comprador 1,1,2014-10-21
Comprador 2,6,2014-10-21
Comprador 3,7,2014-10-21
Comprador 4,7,2014-10-21
Comprador 5,8,2014-10-21
Comprador 1,4,2014-10-28
Comprador 2,6,2014-10-28
Comprador 3,4,2014-10-28
Comprador 4,6,2014-10-28
Comprador 5,7,2014-10-28
Comprador 1,3,2014-11-04
Comprador 2,4,2014-11-04
Comprador 3,6,2014-11-04
Comprador 4,2,2014-11-04
Comprador 5,4,2014-11-04
Comprador 1,5,2014-11-11
Comprador 2,4,2014-11-11
Comprador 3,8,2014-11-11
Comprador 4,4,2014-11-11
Comprador 5,4,2014-11-11
Comprador 1,3,2014-11-18
Comprador 2,10,2014-11-18
Comprador 3,2,2014-11-18
Comprador 4,1,2014-11-18
Comprador 5,6,2014-11-18
Comprador 1,8,2014-11-25
Comprador 2,6,2014-11-25
Comprador 3,2,2014-11-25
Comprador 4,6,2014-11-25
Comprador 5,8,2014-11-25
Comprador 1,1,2014-12-02
Comprador 2,3,2014-12-02
Comprador 3,3,2014-12-02
Comprador 4,7,2014-12-02
Comprador 5,10,2014-12-02
Comprador 1,4,2014-12-09
Comprador 2,9,2014-12-09
Comprador 3,4,2014-12-09
Comprador 4,2,2014-12-09
Comprador 5,1,2014-12-09
Comprador 1,9,2014-12-16
Comprador 2,5,2014-12-16
Comprador 3,1,2014-12-16
Comprador 4,2,2014-12-16
Comprador 5,3,2014-12-16
Comprador 1,4,2014-12-23
Comprador 2,7,2014-12-23
Comprador 3,5,2014-12-23
Comprador 4,7,2014-12-23
Comprador 5,8,2014-12-23
Comprador 1,5,2014-12-30
Comprador 2,10,2014-12-30
Comprador 3,2,2014-12-30
Comprador 4,6,2014-12-30
Comprador 5,2,2014-12-30
Comprador 1,7,2015-01-06
Comprador 2,8,2015-01-06
Comprador 3,6,2015-01-06
Comprador 4,7,2015-01-06
Comprador 5,9,2015-01-06
Comprador 1,10,2015-01-13
Comprador 2,2,2015-01-13
Comprador 3,2,2015-01-13
Comprador 4,9,2015-01-13
Comprador 5,2,2015-01-13
Comprador 1,5,2015-01-20
Comprador 2,6,2015-01-20
Comprador 3,7,2015-01-20
Comprador 4,4,2015-01-20
Comprador 5,3,2015-01-20
Comprador 1,9,2015-01-27
Comprador 2,2,2015-01-27
Comprador 3,4,2015-01-27
Comprador 4,10,2015-01-27
Comprador 5,5,2015-01-27
Comprador 1,6,2015-02-03
Comprador 2,4,2015-02-03
Comprador 3,2,2015-02-03
Comprador 4,6,2015-02-03
Comprador 5,7,2015-02-03
Comprador 1,8,2015-02-10
Comprador 2,5,2015-02-10
Comprador 3,1,2015-02-10
Comprador 4,6,2015-02-10
Comprador 5,1,2015-02-10
Comprador 1,5,2015-02-17
Comprador 2,3,2015-02-17
Comprador 3,10,2015-02-17
Comprador 4,10,2015-02-17
Comprador 5,9,2015-02-17
Comprador 1,7,2015-02-24
Comprador 2,6,2015-02-24
Comprador 3,1,2015-02-24
Comprador 4,4,2015-02-24
Comprador 5,3,2015-02-24
Comprador 1,9,2015-03-03
Comprador 2,6,2015-03-03
Comprador 3,3,2015-03-03
Comprador 4,4,2015-03-03
Comprador 5,1,2015-03-03
Comprador 1,6,2015-03-10
Comprador 2,7,2015-03-10
Comprador 3,8,2015-03-10
Comprador 4,6,2015-03-10
Comprador 5,2,2015-03-10
Comprador 1,5,2015-03-17
Comprador 2,9,2015-03-17
Comprador 3,6,2015-03-17
Comprador 4,7,2015-03-17
Comprador 5,9,2015-03-17
Comprador 1,2,2015-03-24
Comprador 2,5,2015-03-24
Comprador 3,9,2015-03-24
Comprador 4,10,2015-03-24
Comprador 5,4,2015-03-24
Comprador 1,8,2015-03-31
Comprador 2,3,2015-03-31
Comprador 3,1,2015-03-31
Comprador 4,7,2015-03-31
Comprador 5,4,2015-03-31
Comprador 1,2,2015-04-07
Comprador 2,9,2015-04-07
Comprador 3,8,2015-04-07
Comprador 4,2,2015-04-07
Comprador 5,10,2015-04-07
Comprador 1,9,2015-04-14
Comprador 2,2,2015-04-14
Comprador 3,8,2015-04-14
Comprador 4,9,2015-04-14
Comprador 5,1,2015-04-14
Comprador 1,7,2015-04-21
Comprador 2,5,2015-04-21
Comprador 3,5,2015-04-21
Comprador 4,7,2015-04-21
Comprador 5,9,2015-04-21
Comprador 1,4,2015-04-28
Comprador 2,1,2015-04-28
Comprador 3,1,2015-04-28
Comprador 4,3,2015-04-28
Comprador 5,9,2015-04-28
Comprador 1,10,2015-05-05
Comprador 2,5,2015-05-05
Comprador 3,1,2015-05-05
Comprador 4,6,2015-05-05
Comprador 5,2,2015-05-05
Comprador 1,9,2015-05-12
Comprador 2,7,2015-05-12
Comprador 3,3,2015-05-12
Comprador 4,4,2015-05-12
Comprador 5,2,2015-05-12
Comprador 1,3,2015-05-19
Comprador 2,5,2015-05-19
Comprador 3,5,2015-05-19
Comprador 4,2,2015-05-19
Comprador 5,10,2015-05-19
Comprador 1,10,2015-05-26
Comprador 2,7,2015-05-26
Comprador 3,10,2015-05-26
Comprador 4,10,2015-05-26
Comprador 5,7,2015-05-26
Comprador 1,4,2015-06-02
Comprador 2,6,2015-06-02
Comprador 3,1,2015-06-02
Comprador 4,9,2015-06-02
Comprador 5,10,2015-06-02
Comprador 1,10,2015-06-09
Comprador 2,6,2015-06-09
Comprador 3,7,2015-06-09
Comprador 4,3,2015-06-09
Comprador 5,5,2015-06-09
Comprador 1,5,2015-06-16
Comprador 2,4,2015-06-16
Comprador 3,6,2015-06-16
Comprador 4,2,2015-06-16
Comprador 5,2,2015-06-16
Comprador 1,3,2015-06-23
Comprador 2,1,2015-06-23
Comprador 3,2,2015-06-23
Comprador 4,7,2015-06-23
Comprador 5,10,2015-06-23
Comprador 1,7,2015-06-30
Comprador 2,2,2015-06-30
Comprador 3,6,2015-06-30
Comprador 4,10,2015-06-30
Comprador 5,4,2015-06-30
Comprador 1,7,2015-07-07
Comprador 2,2,2015-07-07
Comprador 3,3,2015-07-07
Comprador 4,10,2015-07-07
Comprador 5,8,2015-07-07
Comprador 1,7,2015-07-14
Comprador 2,3,2015-07-14
Comprador 3,10,2015-07-14
Comprador 4,3,2015-07-14
Comprador 5,6,2015-07-14
Comprador 1,9,2015-07-21
Comprador 2,8,2015-07-21
Comprador 3,4,2015-07-21
Comprador 4,6,2015-07-21
Comprador 5,5,2015-07-21
Comprador 1,2,2015-07-28
Comprador 2,3,2015-07-28
Comprador 3,4,2015-07-28
Comprador 4,6,2015-07-28
Comprador 5,2,2015-07-28
Comprador 1,7,2015-08-04
Comprador 2,5,2015-08-04
Comprador 3,6,2015-08-04
Comprador 4,3,2015-08-04
Comprador 5,2,2015-08-04
Comprador 1,9,2015-08-11
Comprador 2,1,2015-08-11
Comprador 3,2,2015-08-11
Comprador 4,10,2015-08-11
Comprador 5,6,2015-08-11
Comprador 1,6,2015-08-18
Comprador 2,1,2015-08-18
Comprador 3,8,2015-08-18
Comprador 4,3,2015-08-18
Comprador 5,3,2015-08-18
Comprador 1,10,2015-08-25
Comprador 2,7,2015-08-25
Comprador 3,3,2015-08-25
Comprador 4,5,2015-08-25
Comprador 5,7,2015-08-25
Comprador 1,6,2015-09-01
Comprador 2,5,2015-09-01
Comprador 3,4,2015-09-01
Comprador 4,5,2015-09-01
Comprador 5,2,2015-09-01
Comprador 1,4,2015-09-08
Comprador 2,1,2015-09-08
Comprador 3,10,2015-09-08
Comprador 4,8,2015-09-08
Comprador 5,5,2015-09-08
Comprador 1,8,2015-09-15
Comprador 2,8,2015-09-15
Comprador 3,10,2015-09-15
Comprador 4,3,2015-09-15
Comprador 5,5,2015-09-15
Comprador 1,4,2015-09-22
Comprador 2,2,2015-09-22
Comprador 3,4,2015-09-22
Comprador 4,9,2015-09-22
Comprador 5,7,2015-09-22
Comprador 1,6,2015-09-29
Comprador 2,5,2015-09-29
Comprador 3,2,2015-09-29
Comprador 4,9,2015-09-29
Comprador 5,2,2015-09-29
Comprador 1,4,2015-10-06
Comprador 2,3,2015-10-06
Comprador 3,5,2015-10-06
Comprador 4,3,2015-10-06
Comprador 5,10,2015-10-06
Comprador 1,5,2015-10-13
Comprador 2,2,2015-10-13
Comprador 3,6,2015-10-13
Comprador 4,1,2015-10-13
Comprador 5,3,2015-10-13
Comprador 1,3,2015-10-20
Comprador 2,2,2015-10-20
Comprador 3,10,2015-10-20
Comprador 4,1,2015-10-20
Comprador 5,9,2015-10-20
Comprador 1,2,2015-10-27
Comprador 2,5,2015-10-27
Comprador 3,2,2015-10-27
Comprador 4,9,2015-10-27
Comprador 5,1,2015-10-27
Comprador 1,1,2015-11-03
Comprador 2,6,2015-11-03
Comprador 3,1,2015-11-03
Comprador 4,1,2015-11-03
Comprador 5,7,2015-11-03
Comprador 1,5,2015-11-10
Comprador 2,10,2015-11-10
Comprador 3,2,2015-11-10
Comprador 4,6,2015-11-10
Comprador 5,1,2015-11-10
Comprador 1,4,2015-11-17
Comprador 2,1,2015-11-17
Comprador 3,10,2015-11-17
Comprador 4,2,2015-11-17
Comprador 5,6,2015-11-17
Comprador 1,3,2015-11-24
Comprador 2,10,2015-11-24
Comprador 3,1,2015-11-24
Comprador 4,10,2015-11-24
Comprador 5,3,2015-11-24
Comprador 1,5,2015-12-01
Comprador 2,8,2015-12-01
Comprador 3,7,2015-12-01
Comprador 4,3,2015-12-01
Comprador 5,10,2015-12-01
Comprador 1,6,2015-12-08
Comprador 2,10,2015-12-08
Comprador 3,8,2015-12-08
Comprador 4,1,2015-12-08
Comprador 5,5,2015-12-08
Comprador 1,7,2015-12-15
Comprador 2,3,2015-12-15
Comprador 3,10,2015-12-15
Comprador 4,3,2015-12-15
Comprador 5,6,2015-12-15
Comprador 1,8,2015-12-22
Comprador 2,7,2015-12-22
Comprador 3,7,2015-12-22
Comprador 4,9,2015-12-22
Comprador 5,3,2015-12-22
Comprador 1,7,2015-12-29
Comprador 2,8,2015-12-29
Comprador 3,10,2015-12-29
Comprador 4,5,2015-12-29
Comprador 5,6,2015-12-29
Comprador 1,3,2016-01-05
Comprador 2,9,2016-01-05
Comprador 3,10,2016-01-05
Comprador 4,7,2016-01-05
Comprador 5,1,2016-01-05
Comprador 1,10,2016-01-12
Comprador 2,6,2016-01-12
Comprador 3,8,2016-01-12
Comprador 4,6,2016-01-12
Comprador 5,6,2016-01-12
Comprador 1,1,2016-01-19
Comprador 2,2,2016-01-19
Comprador 3,3,2016-01-19
Comprador 4,10,2016-01-19
Comprador 5,6,2016-01-19
Comprador 1,5,2016-01-26
Comprador 2,9,2016-01-26
Comprador 3,9,2016-01-26
Comprador 4,7,2016-01-26
Comprador 5,8,2016-01-26
Comprador 1,3,2016-02-02
Comprador 2,9,2016-02-02
Comprador 3,10,2016-02-02
Comprador 4,5,2016-02-02
Comprador 5,6,2016-02-02
Comprador 1,3,2016-02-09
Comprador 2,3,2016-02-09
Comprador 3,2,2016-02-09
Comprador 4,5,2016-02-09
Comprador 5,9,2016-02-09
Comprador 1,5,2016-02-16
Comprador 2,10,2016-02-16
Comprador 3,7,2016-02-16
Comprador 4,7,2016-02-16
Comprador 5,3,2016-02-16
Comprador 1,6,2016-02-23
Comprador 2,9,2016-02-23
Comprador 3,10,2016-02-23
Comprador 4,9,2016-02-23
Comprador 5,6,2016-02-23
Comprador 1,10,2016-03-01
Comprador 2,8,2016-03-01
Comprador 3,8,2016-03-01
Comprador 4,3,2016-03-01
Comprador 5,10,2016-03-01
Comprador 1,5,2016-03-08
Comprador 2,10,2016-03-08
Comprador 3,7,2016-03-08
Comprador 4,2,2016-03-08
Comprador 5,8,2016-03-08
Comprador 1,8,2016-03-15
Comprador 2,4,2016-03-15
Comprador 3,5,2016-03-15
Comprador 4,4,2016-03-15
Comprador 5,4,2016-03-15
Comprador 1,6,2016-03-22
Comprador 2,4,2016-03-22
Comprador 3,7,2016-03-22
Comprador 4,2,2016-03-22
Comprador 5,7,2016-03-22
Comprador 1,6,2016-03-29
Comprador 2,9,2016-03-29
Comprador 3,9,2016-03-29
Comprador 4,9,2016-03-29
Comprador 5,9,2016-03-29
Comprador 1,1,2016-04-05
Comprador 2,2,2016-04-05
Comprador 3,9,2016-04-05
Comprador 4,10,2016-04-05
Comprador 5,6,2016-04-05
Comprador 1,10,2016-04-12
Comprador 2,7,2016-04-12
Comprador 3,3,2016-04-12
Comprador 4,7,2016-04-12
Comprador 5,4,2016-04-12
Comprador 1,9,2016-04-19
Comprador 2,10,2016-04-19
Comprador 3,6,2016-04-19
Comprador 4,5,2016-04-19
Comprador 5,9,2016-04-19
Comprador 1,8,2016-04-26
Comprador 2,10,2016-04-26
Comprador 3,5,2016-04-26
Comprador 4,9,2016-04-26
Comprador 5,2,2016-04-26
Comprador 1,9,2016-05-03
Comprador 2,9,2016-05-03
Comprador 3,5,2016-05-03
Comprador 4,5,2016-05-03
Comprador 5,7,2016-05-03
Comprador 1,1,2016-05-10
Comprador 2,10,2016-05-10
Comprador 3,7,2016-05-10
Comprador 4,5,2016-05-10
Comprador 5,7,2016-05-10
Comprador 1,1,2016-05-17
Comprador 2,6,2016-05-17
Comprador 3,6,2016-05-17
Comprador 4,10,2016-05-17
Comprador 5,10,2016-05-17
Comprador 1,6,2016-05-24
Comprador 2,5,2016-05-24
Comprador 3,2,2016-05-24
Comprador 4,4,2016-05-24
Comprador 5,4,2016-05-24
Comprador 1,4,2016-05-31
Comprador 2,8,2016-05-31
Comprador 3,9,2016-05-31
Comprador 4,5,2016-05-31
Comprador 5,7,2016-05-31
Comprador 1,7,2016-06-07
Comprador 2,9,2016-06-07
Comprador 3,9,2016-06-07
Comprador 4,3,2016-06-07
Comprador 5,2,2016-06-07
Comprador 1,1,2016-06-14
Comprador 2,9,2016-06-14
Comprador 3,7,2016-06-14
Comprador 4,6,2016-06-14
Comprador 5,1,2016-06-14
Comprador 1,4,2016-06-21
Comprador 2,9,2016-06-21
Comprador 3,6,2016-06-21
Comprador 4,6,2016-06-21
Comprador 5,7,2016-06-21
Comprador 1,1,2016-06-28
Comprador 2,10,2016-06-28
Comprador 3,4,2016-06-28
Comprador 4,9,2016-06-28
Comprador 5,3,2016-06-28
Comprador 1,6,2016-07-05
Comprador 2,3,2016-07-05
Comprador 3,6,2016-07-05
Comprador 4,8,2016-07-05
Comprador 5,7,2016-07-05
Comprador 1,6,2016-07-12
Comprador 2,7,2016-07-12
Comprador 3,5,2016-07-12
Comprador 4,8,2016-07-12
Comprador 5,4,2016-07-12
Comprador 1,10,2016-07-19
Comprador 2,5,2016-07-19
Comprador 3,2,2016-07-19
Comprador 4,6,2016-07-19
Comprador 5,6,2016-07-19
Comprador 1,1,2016-07-26
Comprador 2,9,2016-07-26
Comprador 3,2,2016-07-26
Comprador 4,1,2016-07-26
Comprador 5,5,2016-07-26
Comprador 1,2,2016-08-02
Comprador 2,1,2016-08-02
Comprador 3,2,2016-08-02
Comprador 4,3,2016-08-02
Comprador 5,6,2016-08-02
Comprador 1,9,2016-08-09
Comprador 2,3,2016-08-09
Comprador 3,6,2016-08-09
Comprador 4,4,2016-08-09
Comprador 5,9,2016-08-09
Comprador 1,5,2016-08-16
Comprador 2,7,2016-08-16
Comprador 3,9,2016-08-16
Comprador 4,8,2016-08-16
Comprador 5,1,2016-08-16
Comprador 1,1,2016-08-23
Comprador 2,1,2016-08-23
Comprador 3,10,2016-08-23
Comprador 4,4,2016-08-23
Comprador 5,6,2016-08-23
Comprador 1,2,2016-08-30
Comprador 2,5,2016-08-30
Comprador 3,6,2016-08-30
Comprador 4,3,2016-08-30
Comprador 5,8,2016-08-30
Comprador 1,3,2016-09-06
Comprador 2,8,2016-09-06
Comprador 3,7,2016-09-06
Comprador 4,3,2016-09-06
Comprador 5,1,2016-09-06
Comprador 1,6,2016-09-13
Comprador 2,10,2016-09-13
Comprador 3,4,2016-09-13
Comprador 4,4,2016-09-13
Comprador 5,3,2016-09-13
Comprador 1,5,2016-09-20
Comprador 2,3,2016-09-20
Comprador 3,10,2016-09-20
Comprador 4,1,2016-09-20
Comprador 5,2,2016-09-20
Comprador 1,8,2016-09-27
Comprador 2,8,2016-09-27
Comprador 3,6,2016-09-27
Comprador 4,1,2016-09-27
Comprador 5,6,2016-09-27
Comprador 1,9,2016-10-04
Comprador 2,6,2016-10-04
Comprador 3,10,2016-10-04
Comprador 4,7,2016-10-04
Comprador 5,1,2016-10-04
Comprador 1,8,2016-10-11
Comprador 2,5,2016-10-11
Comprador 3,8,2016-10-11
Comprador 4,3,2016-10-11
Comprador 5,9,2016-10-11
Comprador 1,1,2016-10-18
Comprador 2,7,2016-10-18
Comprador 3,1,2016-10-18
Comprador 4,9,2016-10-18
Comprador 5,3,2016-10-18
Comprador 1,8,2016-10-25
Comprador 2,3,2016-10-25
Comprador 3,4,2016-10-25
Comprador 4,3,2016-10-25
Comprador 5,1,2016-10-25
Comprador 1,2,2016-11-01
Comprador 2,5,2016-11-01
Comprador 3,8,2016-11-01
Comprador 4,4,2016-11-01
Comprador 5,4,2016-11-01
Comprador 1,3,2016-11-08
Comprador 2,8,2016-11-08
Comprador 3,1,2016-11-08
Comprador 4,1,2016-11-08
Comprador 5,6,2016-11-08
Comprador 1,9,2016-11-15
Comprador 2,3,2016-11-15
Comprador 3,3,2016-11-15
Comprador 4,2,2016-11-15
Comprador 5,5,2016-11-15
Comprador 1,10,2016-11-22
Comprador 2,4,2016-11-22
Comprador 3,7,2016-11-22
Comprador 4,10,2016-11-22
Comprador 5,3,2016-11-22
Comprador 1,9,2016-11-29
Comprador 2,1,2016-11-29
Comprador 3,8,2016-11-29
Comprador 4,8,2016-11-29
Comprador 5,2,2016-11-29
Comprador 1,9,2016-12-06
Comprador 2,9,2016-12-06
Comprador 3,10,2016-12-06
Comprador 4,4,2016-12-06
Comprador 5,2,2016-12-06
Comprador 1,8,2016-12-13
Comprador 2,5,2016-12-13
Comprador 3,7,2016-12-13
Comprador 4,2,2016-12-13
Comprador 5,3,2016-12-13
Comprador 1,6,2016-12-20
Comprador 2,1,2016-12-20
Comprador 3,7,2016-12-20
Comprador 4,1,2016-12-20
Comprador 5,7,2016-12-20
Comprador 1,5,2016-12-27
Comprador 2,3,2016-12-27
Comprador 3,9,2016-12-27
Comprador 4,4,2016-12-27
Comprador 5,1,2016-12-27
Comprador 1,8,2017-01-03
Comprador 2,1,2017-01-03
Comprador 3,4,2017-01-03
Comprador 4,10,2017-01-03
Comprador 5,5,2017-01-03
Comprador 1,10,2017-01-10
Comprador 2,10,2017-01-10
Comprador 3,10,2017-01-10
Comprador 4,6,2017-01-10
Comprador 5,8,2017-01-10
Comprador 1,9,2017-01-17
Comprador 2,3,2017-01-17
Comprador 3,3,2017-01-17
Comprador 4,5,2017-01-17
Comprador 5,5,2017-01-17
Comprador 1,9,2017-01-24
Comprador 2,4,2017-01-24
Comprador 3,6,2017-01-24
Comprador 4,9,2017-01-24
Comprador 5,10,2017-01-24
Comprador 1,10,2017-01-31
Comprador 2,1,2017-01-31
Comprador 3,5,2017-01-31
Comprador 4,3,2017-01-31
Comprador 5,10,2017-01-31
Comprador 1,2,2017-02-07
Comprador 2,10,2017-02-07
Comprador 3,8,2017-02-07
Comprador 4,7,2017-02-07
Comprador 5,8,2017-02-07
Comprador 1,1,2017-02-14
Comprador 2,7,2017-02-14
Comprador 3,6,2017-02-14
Comprador 4,3,2017-02-14
Comprador 5,8,2017-02-14
Comprador 1,7,2017-02-21
Comprador 2,9,2017-02-21
Comprador 3,2,2017-02-21
Comprador 4,8,2017-02-21
Comprador 5,3,2017-02-21
Comprador 1,1,2017-02-28
Comprador 2,1,2017-02-28
Comprador 3,4,2017-02-28
Comprador 4,2,2017-02-28
Comprador 5,10,2017-02-28
Comprador 1,10,2017-03-07
Comprador 2,9,2017-03-07
Comprador 3,10,2017-03-07
Comprador 4,5,2017-03-07
Comprador 5,2,2017-03-07
Comprador 1,7,2017-03-14
Comprador 2,1,2017-03-14
Comprador 3,6,2017-03-14
Comprador 4,2,2017-03-14
Comprador 5,8,2017-03-14
Comprador 1,8,2017-03-21
Comprador 2,8,2017-03-21
Comprador 3,2,2017-03-21
Comprador 4,1,2017-03-21
Comprador 5,9,2017-03-21
Comprador 1,9,2017-03-28
Comprador 2,4,2017-03-28
Comprador 3,8,2017-03-28
Comprador 4,7,2017-03-28
Comprador 5,8,2017-03-28
Comprador 1,9,2017-04-04
Comprador 2,6,2017-04-04
Comprador 3,6,2017-04-04
Comprador 4,8,2017-04-04
Comprador 5,1,2017-04-04
Comprador 1,7,2017-04-11
Comprador 2,5,2017-04-11
Comprador 3,7,2017-04-11
Comprador 4,6,2017-04-11
Comprador 5,8,2017-04-11
Comprador 1,8,2017-04-18
Comprador 2,5,2017-04-18
Comprador 3,8,2017-04-18
Comprador 4,3,2017-04-18
Comprador 5,2,2017-04-18
Comprador 1,3,2017-04-25
Comprador 2,5,2017-04-25
Comprador 3,8,2017-04-25
Comprador 4,5,2017-04-25
Comprador 5,5,2017-04-25
Comprador 1,5,2017-05-02
Comprador 2,9,2017-05-02
Comprador 3,5,2017-05-02
Comprador 4,8,2017-05-02
Comprador 5,2,2017-05-02
Comprador 1,10,2017-05-09
Comprador 2,1,2017-05-09
Comprador 3,1,2017-05-09
Comprador 4,9,2017-05-09
Comprador 5,7,2017-05-09
Comprador 1,8,2017-05-16
Comprador 2,9,2017-05-16
Comprador 3,4,2017-05-16
Comprador 4,9,2017-05-16
Comprador 5,1,2017-05-16
Comprador 1,7,2017-05-23
Comprador 2,6,2017-05-23
Comprador 3,2,2017-05-23
Comprador 4,5,2017-05-23
Comprador 5,4,2017-05-23
Comprador 1,5,2017-05-30
Comprador 2,4,2017-05-30
Comprador 3,5,2017-05-30
Comprador 4,8,2017-05-30
Comprador 5,5,2017-05-30
Comprador 1,4,2017-06-06
Comprador 2,9,2017-06-06
Comprador 3,5,2017-06-06
Comprador 4,9,2017-06-06
Comprador 5,2,2017-06-06
Comprador 1,1,2017-06-13
Comprador 2,6,2017-06-13
Comprador 3,9,2017-06-13
Comprador 4,5,2017-06-13
Comprador 5,7,2017-06-13
Comprador 1,4,2017-06-20
Comprador 2,8,2017-06-20
Comprador 3,3,2017-06-20
Comprador 4,10,2017-06-20
Comprador 5,3,2017-06-20
Comprador 1,4,2017-06-27
Comprador 2,8,2017-06-27
Comprador 3,6,2017-06-27
Comprador 4,5,2017-06-27
Comprador 5,4,2017-06-27
Comprador 1,4,2017-07-04
Comprador 2,8,2017-07-04
Comprador 3,5,2017-07-04
Comprador 4,7,2017-07-04
Comprador 5,8,2017-07-04
Comprador 1,3,2017-07-11
Comprador 2,8,2017-07-11
Comprador 3,6,2017-07-11
Comprador 4,7,2017-07-11
Comprador 5,3,2017-07-11
Comprador 1,10,2017-07-18
Comprador 2,4,2017-07-18
Comprador 3,4,2017-07-18
Comprador 4,5,2017-07-18
Comprador 5,3,2017-07-18
Comprador 1,3,2017-07-25
Comprador 2,4,2017-07-25
Comprador 3,8,2017-07-25
Comprador 4,5,2017-07-25
Comprador 5,2,2017-07-25
Comprador 1,5,2017-08-01
Comprador 2,7,2017-08-01
Comprador 3,10,2017-08-01
Comprador 4,4,2017-08-01
Comprador 5,2,2017-08-01
Comprador 1,6,2017-08-08
Comprador 2,4,2017-08-08
Comprador 3,10,2017-08-08
Comprador 4,2,2017-08-08
Comprador 5,5,2017-08-08
Comprador 1,1,2017-08-15
Comprador 2,5,2017-08-15
Comprador 3,1,2017-08-15
Comprador 4,6,2017-08-15
Comprador 5,5,2017-08-15
Comprador 1,6,2017-08-22
Comprador 2,5,2017-08-22
Comprador 3,3,2017-08-22
Comprador 4,6,2017-08-22
Comprador 5,8,2017-08-22
Comprador 1,8,2017-08-29
Comprador 2,3,2017-08-29
Comprador 3,7,2017-08-29
Comprador 4,6,2017-08-29
Comprador 5,10,2017-08-29
Comprador 1,9,2017-09-05
Comprador 2,9,2017-09-05
Comprador 3,8,2017-09-05
Comprador 4,1,2017-09-05
Comprador 5,9,2017-09-05
Comprador 1,6,2017-09-12
Comprador 2,7,2017-09-12
Comprador 3,8,2017-09-12
Comprador 4,9,2017-09-12
Comprador 5,2,2017-09-12
Comprador 1,5,2017-09-19
Comprador 2,8,2017-09-19
Comprador 3,6,2017-09-19
Comprador 4,10,2017-09-19
Comprador 5,1,2017-09-19
Comprador 1,10,2017-09-26
Comprador 2,10,2017-09-26
Comprador 3,5,2017-09-26
Comprador 4,5,2017-09-26
Comprador 5,6,2017-09-26
Comprador 1,6,2017-10-03
Comprador 2,9,2017-10-03
Comprador 3,4,2017-10-03
Comprador 4,6,2017-10-03
Comprador 5,3,2017-10-03
Comprador 1,1,2017-10-10
Comprador 2,10,2017-10-10
Comprador 3,7,2017-10-10
Comprador 4,1,2017-10-10
Comprador 5,5,2017-10-10
Comprador 1,6,2017-10-17
Comprador 2,6,2017-10-17
Comprador 3,8,2017-10-17
Comprador 4,5,2017-10-17
Comprador 5,3,2017-10-17
Comprador 1,4,2017-10-24
Comprador 2,6,2017-10-24
Comprador 3,4,2017-10-24
Comprador 4,4,2017-10-24
Comprador 5,10,2017-10-24
Comprador 1,2,2017-10-31
Comprador 2,1,2017-10-31
Comprador 3,6,2017-10-31
Comprador 4,10,2017-10-31
Comprador 5,2,2017-10-31
Comprador 1,10,2017-11-07
Comprador 2,7,2017-11-07
Comprador 3,4,2017-11-07
Comprador 4,6,2017-11-07
Comprador 5,4,2017-11-07
Comprador 1,5,2017-11-14
Comprador 2,5,2017-11-14
Comprador 3,3,2017-11-14
Comprador 4,10,2017-11-14
Comprador 5,3,2017-11-14
Comprador 1,6,2017-11-21
Comprador 2,5,2017-11-21
Comprador 3,8,2017-11-21
Comprador 4,9,2017-11-21
Comprador 5,5,2017-11-21
Comprador 1,2,2017-11-28
Comprador 2,10,2017-11-28
Comprador 3,5,2017-11-28
Comprador 4,3,2017-11-28
Comprador 5,10,2017-11-28
Comprador 1,8,2017-12-05
Comprador 2,10,2017-12-05
Comprador 3,7,2017-12-05
Comprador 4,7,2017-12-05
Comprador 5,3,2017-12-05
Comprador 1,1,2017-12-12
Comprador 2,3,2017-12-12
Comprador 3,7,2017-12-12
Comprador 4,7,2017-12-12
Comprador 5,1,2017-12-12
Comprador 1,1,2017-12-19
Comprador 2,8,2017-12-19
Comprador 3,1,2017-12-19
Comprador 4,7,2017-12-19
Comprador 5,9,2017-12-19
Comprador 1,8,2017-12-26
Comprador 2,6,2017-12-26
Comprador 3,4,2017-12-26
Comprador 4,2,2017-12-26
Comprador 5,1,2017-12-26
Comprador 1,6,2018-01-02
Comprador 2,7,2018-01-02
Comprador 3,1,2018-01-02
Comprador 4,9,2018-01-02
Comprador 5,10,2018-01-02
Comprador 1,3,2018-01-09
Comprador 2,2,2018-01-09
Comprador 3,7,2018-01-09
Comprador 4,10,2018-01-09
Comprador 5,4,2018-01-09
Comprador 1,6,2018-01-16
Comprador 2,3,2018-01-16
Comprador 3,8,2018-01-16
Comprador 4,7,2018-01-16
Comprador 5,6,2018-01-16
Comprador 1,3,2018-01-23
Comprador 2,8,2018-01-23
Comprador 3,3,2018-01-23
Comprador 4,10,2018-01-23
Comprador 5,2,2018-01-23
Comprador 1,9,2018-01-30
Comprador 2,4,2018-01-30
Comprador 3,2,2018-01-30
Comprador 4,7,2018-01-30
Comprador 5,5,2018-01-30
Comprador 1,2,2018-02-06
Comprador 2,3,2018-02-06
Comprador 3,2,2018-02-06
Comprador 4,4,2018-02-06
Comprador 5,6,2018-02-06
Comprador 1,9,2018-02-13
Comprador 2,5,2018-02-13
Comprador 3,4,2018-02-13
Comprador 4,5,2018-02-13
Comprador 5,4,2018-02-13
Comprador 1,3,2018-02-20
Comprador 2,8,2018-02-20
Comprador 3,7,2018-02-20
Comprador 4,6,2018-02-20
Comprador 5,2,2018-02-20
Comprador 1,8,2018-02-27
Comprador 2,4,2018-02-27
Comprador 3,4,2018-02-27
Comprador 4,2,2018-02-27
Comprador 5,3,2018-02-27
Comprador 1,10,2018-03-06
Comprador 2,1,2018-03-06
Comprador 3,7,2018-03-06
Comprador 4,5,2018-03-06
Comprador 5,6,2018-03-06
Comprador 1,2,2018-03-13
Comprador 2,1,2018-03-13
Comprador 3,5,2018-03-13
Comprador 4,1,2018-03-13
Comprador 5,6,2018-03-13
Comprador 1,8,2018-03-20
Comprador 2,5,2018-03-20
Comprador 3,9,2018-03-20
Comprador 4,8,2018-03-20
Comprador 5,1,2018-03-20
Comprador 1,7,2018-03-27
Comprador 2,7,2018-03-27
Comprador 3,10,2018-03-27
Comprador 4,10,2018-03-27
Comprador 5,6,2018-03-27
Comprador 1,5,2018-04-03
Comprador 2,6,2018-04-03
Comprador 3,5,2018-04-03
Comprador 4,1,2018-04-03
Comprador 5,8,2018-04-03
Comprador 1,9,2018-04-10
Comprador 2,9,2018-04-10
Comprador 3,6,2018-04-10
Comprador 4,9,2018-04-10
Comprador 5,2,2018-04-10
Comprador 1,4,2018-04-17
Comprador 2,4,2018-04-17
Comprador 3,5,2018-04-17
Comprador 4,3,2018-04-17
Comprador 5,2,2018-04-17
Comprador 1,1,2018-04-24
Comprador 2,7,2018-04-24
Comprador 3,10,2018-04-24
Comprador 4,6,2018-04-24
Comprador 5,3,2018-04-24
Comprador 1,2,2018-05-01
Comprador 2,9,2018-05-01
Comprador 3,7,2018-05-01
Comprador 4,10,2018-05-01
Comprador 5,5,2018-05-01
Comprador 1,2,2018-05-08
Comprador 2,8,2018-05-08
Comprador 3,10,2018-05-08
Comprador 4,4,2018-05-08
Comprador 5,10,2018-05-08
Comprador 1,6,2018-05-15
Comprador 2,5,2018-05-15
Comprador 3,3,2018-05-15
Comprador 4,7,2018-05-15
Comprador 5,2,2018-05-15
Comprador 1,1,2018-05-22
Comprador 2,2,2018-05-22
Comprador 3,10,2018-05-22
Comprador 4,3,2018-05-22
Comprador 5,10,2018-05-22
Comprador 1,1,2018-05-29
Comprador 2,8,2018-05-29
Comprador 3,10,2018-05-29
Comprador 4,8,2018-05-29
Comprador 5,4,2018-05-29
Comprador 1,1,2018-06-05
Comprador 2,9,2018-06-05
Comprador 3,8,2018-06-05
Comprador 4,4,2018-06-05
Comprador 5,1,2018-06-05
Comprador 1,7,2018-06-12
Comprador 2,7,2018-06-12
Comprador 3,10,2018-06-12
Comprador 4,7,2018-06-12
Comprador 5,3,2018-06-12
Comprador 1,10,2018-06-19
Comprador 2,10,2018-06-19
Comprador 3,2,2018-06-19
Comprador 4,3,2018-06-19
Comprador 5,3,2018-06-19
Comprador 1,10,2018-06-26
Comprador 2,7,2018-06-26
Comprador 3,3,2018-06-26
Comprador 4,1,2018-06-26
Comprador 5,3,2018-06-26
Comprador 1,4,2018-07-03
Comprador 2,4,2018-07-03
Comprador 3,8,2018-07-03
Comprador 4,9,2018-07-03
Comprador 5,9,2018-07-03
Comprador 1,10,2018-07-10
Comprador 2,1,2018-07-10
Comprador 3,4,2018-07-10
Comprador 4,4,2018-07-10
Comprador 5,10,2018-07-10
Comprador 1,2,2018-07-17
Comprador 2,4,2018-07-17
Comprador 3,5,2018-07-17
Comprador 4,5,2018-07-17
Comprador 5,2,2018-07-17
Comprador 1,10,2018-07-24
Comprador 2,3,2018-07-24
Comprador 3,6,2018-07-24
Comprador 4,1,2018-07-24
Comprador 5,4,2018-07-24
Comprador 1,10,2018-07-31
Comprador 2,2,2018-07-31
Comprador 3,7,2018-07-31
Comprador 4,9,2018-07-31
Comprador 5,9,2018-07-31
Comprador 1,8,2018-08-07
Comprador 2,8,2018-08-07
Comprador 3,6,2018-08-07
Comprador 4,10,2018-08-07
Comprador 5,10,2018-08-07
Comprador 1,2,2018-08-14
Comprador 2,9,2018-08-14
Comprador 3,2,2018-08-14
Comprador 4,6,2018-08-14
Comprador 5,7,2018-08-14
Comprador 1,8,2018-08-21
Comprador 2,1,2018-08-21
Comprador 3,3,2018-08-21
Comprador 4,9,2018-08-21
Comprador 5,3,2018-08-21
Comprador 1,3,2018-08-28
Comprador 2,10,2018-08-28
Comprador 3,7,2018-08-28
Comprador 4,9,2018-08-28
Comprador 5,7,2018-08-28
Comprador 1,9,2018-09-04
Comprador 2,8,2018-09-04
Comprador 3,6,2018-09-04
Comprador 4,3,2018-09-04
Comprador 5,8,2018-09-04
Comprador 1,6,2018-09-11
Comprador 2,4,2018-09-11
Comprador 3,9,2018-09-11
Comprador 4,7,2018-09-11
Comprador 5,3,2018-09-11
Comprador 1,3,2018-09-18
Comprador 2,6,2018-09-18
Comprador 3,1,2018-09-18
Comprador 4,10,2018-09-18
Comprador 5,8,2018-09-18
Comprador 1,10,2018-09-25
Comprador 2,1,2018-09-25
Comprador 3,3,2018-09-25
Comprador 4,1,2018-09-25
Comprador 5,6,2018-09-25
Comprador 1,5,2018-10-02
Comprador 2,3,2018-10-02
Comprador 3,5,2018-10-02
Comprador 4,10,2018-10-02
Comprador 5,3,2018-10-02
Comprador 1,9,2018-10-09
Comprador 2,1,2018-10-09
Comprador 3,7,2018-10-09
Comprador 4,4,2018-10-09
Comprador 5,8,2018-10-09
Comprador 1,2,2018-10-16
Comprador 2,8,2018-10-16
Comprador 3,10,2018-10-16
Comprador 4,6,2018-10-16
Comprador 5,6,2018-10-16
Comprador 1,10,2018-10-23
Comprador 2,9,2018-10-23
Comprador 3,10,2018-10-23
Comprador 4,3,2018-10-23
Comprador 5,10,2018-10-23
Comprador 1,1,2018-10-30
Comprador 2,5,2018-10-30
Comprador 3,8,2018-10-30
Comprador 4,5,2018-10-30
Comprador 5,2,2018-10-30
Comprador 1,2,2018-11-06
Comprador 2,1,2018-11-06
Comprador 3,4,2018-11-06
Comprador 4,2,2018-11-06
Comprador 5,4,2018-11-06
Comprador 1,5,2018-11-13
Comprador 2,8,2018-11-13
Comprador 3,3,2018-11-13
Comprador 4,8,2018-11-13
Comprador 5,1,2018-11-13
Comprador 1,1,2018-11-20
Comprador 2,6,2018-11-20
Comprador 3,4,2018-11-20
Comprador 4,6,2018-11-20
Comprador 5,4,2018-11-20
Comprador 1,3,2018-11-27
Comprador 2,10,2018-11-27
Comprador 3,2,2018-11-27
Comprador 4,10,2018-11-27
Comprador 5,10,2018-11-27
Comprador 1,7,2018-12-04
Comprador 2,8,2018-12-04
Comprador 3,6,2018-12-04
Comprador 4,2,2018-12-04
Comprador 5,4,2018-12-04
Comprador 1,6,2018-12-11
Comprador 2,8,2018-12-11
Comprador 3,9,2018-12-11
Comprador 4,5,2018-12-11
Comprador 5,7,2018-12-11
Comprador 1,2,2018-12-18
Comprador 2,3,2018-12-18
Comprador 3,7,2018-12-18
Comprador 4,2,2018-12-18
Comprador 5,8,2018-12-18
Comprador 1,1,2018-12-25
Comprador 2,3,2018-12-25
Comprador 3,4,2018-12-25
Comprador 4,7,2018-12-25
Comprador 5,4,2018-12-25
Comprador 1,7,2019-01-01
Comprador 2,2,2019-01-01
Comprador 3,5,2019-01-01
Comprador 4,8,2019-01-01
Comprador 5,8,2019-01-01
Comprador 1,3,2019-01-08
Comprador 2,6,2019-01-08
Comprador 3,6,2019-01-08
Comprador 4,7,2019-01-08
Comprador 5,4,2019-01-08
Comprador 1,7,2019-01-15
Comprador 2,3,2019-01-15
Comprador 3,6,2019-01-15
Comprador 4,8,2019-01-15
Comprador 5,2,2019-01-15
Comprador 1,9,2019-01-22
Comprador 2,6,2019-01-22
Comprador 3,3,2019-01-22
Comprador 4,1,2019-01-22
Comprador 5,5,2019-01-22
Comprador 1,4,2019-01-29
Comprador 2,7,2019-01-29
Comprador 3,6,2019-01-29
Comprador 4,6,2019-01-29
Comprador 5,5,2019-01-29
Comprador 1,6,2019-02-05
Comprador 2,9,2019-02-05
Comprador 3,5,2019-02-05
Comprador 4,7,2019-02-05
Comprador 5,7,2019-02-05
Comprador 1,4,2019-02-12
Comprador 2,1,2019-02-12
Comprador 3,1,2019-02-12
Comprador 4,3,2019-02-12
Comprador 5,10,2019-02-12
Comprador 1,4,2019-02-19
Comprador 2,2,2019-02-19
Comprador 3,3,2019-02-19
Comprador 4,8,2019-02-19
Comprador 5,3,2019-02-19
Comprador 1,2,2019-02-26
Comprador 2,2,2019-02-26
Comprador 3,7,2019-02-26
Comprador 4,10,2019-02-26
Comprador 5,7,2019-02-26
Comprador 1,6,2019-03-05
Comprador 2,7,2019-03-05
Comprador 3,2,2019-03-05
Comprador 4,3,2019-03-05
Comprador 5,1,2019-03-05
Comprador 1,3,2019-03-12
Comprador 2,2,2019-03-12
Comprador 3,1,2019-03-12
Comprador 4,3,2019-03-12
Comprador 5,8,2019-03-12
Comprador 1,2,2019-03-19
Comprador 2,5,2019-03-19
Comprador 3,5,2019-03-19
Comprador 4,3,2019-03-19
Comprador 5,5,2019-03-19
Comprador 1,9,2019-03-26
Comprador 2,8,2019-03-26
Comprador 3,10,2019-03-26
Comprador 4,8,2019-03-26
Comprador 5,4,2019-03-26
Comprador 1,7,2019-04-02
Comprador 2,1,2019-04-02
Comprador 3,3,2019-04-02
Comprador 4,10,2019-04-02
Comprador 5,7,2019-04-02
Comprador 1,8,2019-04-09
Comprador 2,7,2019-04-09
Comprador 3,7,2019-04-09
Comprador 4,9,2019-04-09
Comprador 5,10,2019-04-09
Comprador 1,6,2019-04-16
Comprador 2,3,2019-04-16
Comprador 3,9,2019-04-16
Comprador 4,9,2019-04-16
Comprador 5,5,2019-04-16
Comprador 1,3,2019-04-23
Comprador 2,6,2019-04-23
Comprador 3,5,2019-04-23
Comprador 4,4,2019-04-23
Comprador 5,4,2019-04-23
Comprador 1,7,2019-04-30
Comprador 2,1,2019-04-30
Comprador 3,5,2019-04-30
Comprador 4,9,2019-04-30
Comprador 5,5,2019-04-30
Comprador 1,3,2019-05-07
Comprador 2,3,2019-05-07
Comprador 3,9,2019-05-07
Comprador 4,2,2019-05-07
Comprador 5,1,2019-05-07
Comprador 1,6,2019-05-14
Comprador 2,8,2019-05-14
Comprador 3,5,2019-05-14
Comprador 4,8,2019-05-14
Comprador 5,10,2019-05-14
Comprador 1,3,2019-05-21
Comprador 2,6,2019-05-21
Comprador 3,9,2019-05-21
Comprador 4,2,2019-05-21
Comprador 5,8,2019-05-21
Comprador 1,2,2019-05-28
Comprador 2,2,2019-05-28
Comprador 3,2,2019-05-28
Comprador 4,2,2019-05-28
Comprador 5,4,2019-05-28
Comprador 1,7,2019-06-04
Comprador 2,9,2019-06-04
Comprador 3,7,2019-06-04
Comprador 4,7,2019-06-04
Comprador 5,10,2019-06-04
Comprador 1,7,2019-06-11
Comprador 2,8,2019-06-11
Comprador 3,8,2019-06-11
Comprador 4,2,2019-06-11
Comprador 5,6,2019-06-11
Comprador 1,10,2019-06-18
Comprador 2,4,2019-06-18
Comprador 3,3,2019-06-18
Comprador 4,8,2019-06-18
Comprador 5,10,2019-06-18
Comprador 1,4,2019-06-25
Comprador 2,8,2019-06-25
Comprador 3,9,2019-06-25
Comprador 4,3,2019-06-25
Comprador 5,3,2019-06-25
Comprador 1,10,2019-07-02
Comprador 2,1,2019-07-02
Comprador 3,7,2019-07-02
Comprador 4,4,2019-07-02
Comprador 5,3,2019-07-02
Comprador 1,4,2019-07-09
Comprador 2,7,2019-07-09
Comprador 3,8,2019-07-09
Comprador 4,2,2019-07-09
Comprador 5,3,2019-07-09
Comprador 1,3,2019-07-16
Comprador 2,5,2019-07-16
Comprador 3,3,2019-07-16
Comprador 4,3,2019-07-16
Comprador 5,8,2019-07-16
Comprador 1,9,2019-07-23
Comprador 2,2,2019-07-23
Comprador 3,9,2019-07-23
Comprador 4,10,2019-07-23
Comprador 5,7,2019-07-23
Comprador 1,1,2019-07-30
Comprador 2,10,2019-07-30
Comprador 3,4,2019-07-30
Comprador 4,2,2019-07-30
Comprador 5,10,2019-07-30
Comprador 1,10,2019-08-06
Comprador 2,6,2019-08-06
Comprador 3,8,2019-08-06
Comprador 4,3,2019-08-06
Comprador 5,10,2019-08-06
Comprador 1,1,2019-08-13
Comprador 2,2,2019-08-13
Comprador 3,5,2019-08-13
Comprador 4,8,2019-08-13
Comprador 5,9,2019-08-13
Comprador 1,6,2019-08-20
Comprador 2,8,2019-08-20
Comprador 3,8,2019-08-20
Comprador 4,2,2019-08-20
Comprador 5,10,2019-08-20
Comprador 1,10,2019-08-27
Comprador 2,4,2019-08-27
Comprador 3,4,2019-08-27
Comprador 4,6,2019-08-27
Comprador 5,2,2019-08-27
Comprador 1,4,2019-09-03
Comprador 2,5,2019-09-03
Comprador 3,7,2019-09-03
Comprador 4,3,2019-09-03
Comprador 5,5,2019-09-03
Comprador 1,8,2019-09-10
Comprador 2,9,2019-09-10
Comprador 3,2,2019-09-10
Comprador 4,3,2019-09-10
Comprador 5,7,2019-09-10
Comprador 1,8,2019-09-17
Comprador 2,5,2019-09-17
Comprador 3,4,2019-09-17
Comprador 4,3,2019-09-17
Comprador 5,10,2019-09-17
Comprador 1,1,2019-09-24
Comprador 2,1,2019-09-24
Comprador 3,4,2019-09-24
Comprador 4,10,2019-09-24
Comprador 5,10,2019-09-24
Comprador 1,7,2019-10-01
Comprador 2,10,2019-10-01
Comprador 3,3,2019-10-01
Comprador 4,6,2019-10-01
Comprador 5,10,2019-10-01
Comprador 1,5,2019-10-08
Comprador 2,1,2019-10-08
Comprador 3,9,2019-10-08
Comprador 4,2,2019-10-08
Comprador 5,1,2019-10-08
Comprador 1,9,2019-10-15
Comprador 2,9,2019-10-15
Comprador 3,5,2019-10-15
Comprador 4,5,2019-10-15
Comprador 5,6,2019-10-15
Comprador 1,3,2019-10-22
Comprador 2,1,2019-10-22
Comprador 3,8,2019-10-22
Comprador 4,1,2019-10-22
Comprador 5,5,2019-10-22
Comprador 1,1,2019-10-29
Comprador 2,3,2019-10-29
Comprador 3,4,2019-10-29
Comprador 4,10,2019-10-29
Comprador 5,8,2019-10-29
Comprador 1,6,2019-11-05
Comprador 2,9,2019-11-05
Comprador 3,5,2019-11-05
Comprador 4,6,2019-11-05
Comprador 5,2,2019-11-05
Comprador 1,5,2019-11-12
Comprador 2,2,2019-11-12
Comprador 3,1,2019-11-12
Comprador 4,8,2019-11-12
Comprador 5,1,2019-11-12
Comprador 1,7,2019-11-19
Comprador 2,7,2019-11-19
Comprador 3,2,2019-11-19
Comprador 4,4,2019-11-19
Comprador 5,3,2019-11-19
Comprador 1,10,2019-11-26
Comprador 2,8,2019-11-26
Comprador 3,10,2019-11-26
Comprador 4,4,2019-11-26
Comprador 5,10,2019-11-26
Comprador 1,2,2019-12-03
Comprador 2,10,2019-12-03
Comprador 3,6,2019-12-03
Comprador 4,1,2019-12-03
Comprador 5,3,2019-12-03
Comprador 1,2,2019-12-10
Comprador 2,1,2019-12-10
Comprador 3,8,2019-12-10
Comprador 4,8,2019-12-10
Comprador 5,10,2019-12-10
Comprador 1,8,2019-12-17
Comprador 2,1,2019-12-17
Comprador 3,1,2019-12-17
Comprador 4,2,2019-12-17
Comprador 5,6,2019-12-17
Comprador 1,4,2019-12-24
Comprador 2,8,2019-12-24
Comprador 3,1,2019-12-24
Comprador 4,9,2019-12-24
Comprador 5,3,2019-12-24
Comprador 1,2,2019-12-31
Comprador 2,6,2019-12-31
Comprador 3,2,2019-12-31
Comprador 4,8,2019-12-31
Comprador 5,3,2019-12-31
Comprador 1,7,2020-01-07
Comprador 2,3,2020-01-07
Comprador 3,1,2020-01-07
Comprador 4,1,2020-01-07
Comprador 5,10,2020-01-07
Comprador 1,1,2020-01-14
Comprador 2,4,2020-01-14
Comprador 3,8,2020-01-14
Comprador 4,5,2020-01-14
Comprador 5,10,2020-01-14
Comprador 1,10,2020-01-21
Comprador 2,8,2020-01-21
Comprador 3,5,2020-01-21
Comprador 4,5,2020-01-21
Comprador 5,9,2020-01-21
Comprador 1,5,2020-01-28
Comprador 2,4,2020-01-28
Comprador 3,5,2020-01-28
Comprador 4,5,2020-01-28
Comprador 5,7,2020-01-28
Comprador 1,7,2020-02-04
Comprador 2,6,2020-02-04
Comprador 3,1,2020-02-04
Comprador 4,8,2020-02-04
Comprador 5,7,2020-02-04
Comprador 1,7,2020-02-11
Comprador 2,8,2020-02-11
Comprador 3,5,2020-02-11
Comprador 4,9,2020-02-11
Comprador 5,6,2020-02-11
Comprador 1,8,2020-02-18
Comprador 2,7,2020-02-18
Comprador 3,7,2020-02-18
Comprador 4,7,2020-02-18
Comprador 5,5,2020-02-18
Comprador 1,7,2020-02-25
Comprador 2,4,2020-02-25
Comprador 3,8,2020-02-25
Comprador 4,1,2020-02-25
Comprador 5,10,2020-02-25
Comprador 1,3,2020-03-03
Comprador 2,2,2020-03-03
Comprador 3,1,2020-03-03
Comprador 4,1,2020-03-03
Comprador 5,5,2020-03-03
Comprador 1,2,2020-03-10
Comprador 2,9,2020-03-10
Comprador 3,7,2020-03-10
Comprador 4,5,2020-03-10
Comprador 5,8,2020-03-10
Comprador 1,5,2020-03-17
Comprador 2,8,2020-03-17
Comprador 3,8,2020-03-17
Comprador 4,1,2020-03-17
Comprador 5,8,2020-03-17
Comprador 1,6,2020-03-24
Comprador 2,8,2020-03-24
Comprador 3,8,2020-03-24
Comprador 4,2,2020-03-24
Comprador 5,10,2020-03-24
Comprador 1,7,2020-03-31
Comprador 2,9,2020-03-31
Comprador 3,7,2020-03-31
Comprador 4,4,2020-03-31
Comprador 5,5,2020-03-31
Comprador 1,6,2020-04-07
Comprador 2,8,2020-04-07
Comprador 3,2,2020-04-07
Comprador 4,4,2020-04-07
Comprador 5,8,2020-04-07
Comprador 1,5,2020-04-14
Comprador 2,3,2020-04-14
Comprador 3,2,2020-04-14
Comprador 4,10,2020-04-14
Comprador 5,3,2020-04-14
Comprador 1,1,2020-04-21
Comprador 2,2,2020-04-21
Comprador 3,6,2020-04-21
Comprador 4,8,2020-04-21
Comprador 5,9,2020-04-21
Comprador 1,6,2020-04-28
Comprador 2,9,2020-04-28
Comprador 3,8,2020-04-28
Comprador 4,10,2020-04-28
Comprador 5,1,2020-04-28
Comprador 1,1,2020-05-05
Comprador 2,8,2020-05-05
Comprador 3,9,2020-05-05
Comprador 4,10,2020-05-05
Comprador 5,10,2020-05-05
Comprador 1,2,2020-05-12
Comprador 2,6,2020-05-12
Comprador 3,10,2020-05-12
Comprador 4,6,2020-05-12
Comprador 5,10,2020-05-12
Comprador 1,1,2020-05-19
Comprador 2,10,2020-05-19
Comprador 3,7,2020-05-19
Comprador 4,10,2020-05-19
Comprador 5,7,2020-05-19
Comprador 1,1,2020-05-26
Comprador 2,1,2020-05-26
Comprador 3,1,2020-05-26
Comprador 4,9,2020-05-26
Comprador 5,9,2020-05-26
Comprador 1,3,2020-06-02
Comprador 2,9,2020-06-02
Comprador 3,7,2020-06-02
Comprador 4,6,2020-06-02
Comprador 5,2,2020-06-02
Comprador 1,9,2020-06-09
Comprador 2,8,2020-06-09
Comprador 3,10,2020-06-09
Comprador 4,5,2020-06-09
Comprador 5,4,2020-06-09
Comprador 1,3,2020-06-16
Comprador 2,3,2020-06-16
Comprador 3,3,2020-06-16
Comprador 4,4,2020-06-16
Comprador 5,9,2020-06-16
Comprador 1,4,2020-06-23
Comprador 2,6,2020-06-23
Comprador 3,4,2020-06-23
Comprador 4,3,2020-06-23
Comprador 5,3,2020-06-23
Comprador 1,6,2020-06-30
Comprador 2,4,2020-06-30
Comprador 3,5,2020-06-30
Comprador 4,3,2020-06-30
Comprador 5,8,2020-06-30
Comprador 1,10,2020-07-07
Comprador 2,9,2020-07-07
Comprador 3,3,2020-07-07
Comprador 4,5,2020-07-07
Comprador 5,3,2020-07-07
Comprador 1,3,2020-07-14
Comprador 2,5,2020-07-14
Comprador 3,4,2020-07-14
Comprador 4,7,2020-07-14
Comprador 5,3,2020-07-14
Comprador 1,9,2020-07-21
Comprador 2,5,2020-07-21
Comprador 3,7,2020-07-21
Comprador 4,9,2020-07-21
Comprador 5,3,2020-07-21
Comprador 1,3,2020-07-28
Comprador 2,6,2020-07-28
Comprador 3,2,2020-07-28
Comprador 4,6,2020-07-28
Comprador 5,5,2020-07-28
Comprador 1,9,2020-08-04
Comprador 2,8,2020-08-04
Comprador 3,1,2020-08-04
Comprador 4,3,2020-08-04
Comprador 5,4,2020-08-04
Comprador 1,9,2020-08-11
Comprador 2,7,2020-08-11
Comprador 3,3,2020-08-11
Comprador 4,1,2020-08-11
Comprador 5,6,2020-08-11
Comprador 1,9,2020-08-18
Comprador 2,5,2020-08-18
Comprador 3,9,2020-08-18
Comprador 4,6,2020-08-18
Comprador 5,8,2020-08-18
Comprador 1,4,2020-08-25
Comprador 2,6,2020-08-25
Comprador 3,8,2020-08-25
Comprador 4,7,2020-08-25
Comprador 5,5,2020-08-25
Comprador 1,7,2020-09-01
Comprador 2,9,2020-09-01
Comprador 3,10,2020-09-01
Comprador 4,6,2020-09-01
Comprador 5,6,2020-09-01
Comprador 1,2,2020-09-08
Comprador 2,2,2020-09-08
Comprador 3,8,2020-09-08
Comprador 4,2,2020-09-08
Comprador 5,8,2020-09-08
Comprador 1,1,2020-09-15
Comprador 2,4,2020-09-15
Comprador 3,6,2020-09-15
Comprador 4,6,2020-09-15
Comprador 5,1,2020-09-15
Comprador 1,5,2020-09-22
Comprador 2,9,2020-09-22
Comprador 3,7,2020-09-22
Comprador 4,9,2020-09-22
Comprador 5,9,2020-09-22
Comprador 1,9,2020-09-29
Comprador 2,9,2020-09-29
Comprador 3,3,2020-09-29
Comprador 4,6,2020-09-29
Comprador 5,10,2020-09-29
Comprador 1,3,2020-10-06
Comprador 2,4,2020-10-06
Comprador 3,3,2020-10-06
Comprador 4,10,2020-10-06
Comprador 5,2,2020-10-06
Comprador 1,10,2020-10-13
Comprador 2,6,2020-10-13
Comprador 3,6,2020-10-13
Comprador 4,2,2020-10-13
Comprador 5,10,2020-10-13
Comprador 1,6,2020-10-20
Comprador 2,2,2020-10-20
Comprador 3,5,2020-10-20
Comprador 4,1,2020-10-20
Comprador 5,9,2020-10-20
Comprador 1,7,2020-10-27
Comprador 2,2,2020-10-27
Comprador 3,3,2020-10-27
Comprador 4,9,2020-10-27
Comprador 5,4,2020-10-27
Comprador 1,1,2020-11-03
Comprador 2,4,2020-11-03
Comprador 3,3,2020-11-03
Comprador 4,5,2020-11-03
Comprador 5,4,2020-11-03
Comprador 1,4,2020-11-10
Comprador 2,3,2020-11-10
Comprador 3,2,2020-11-10
Comprador 4,1,2020-11-10
Comprador 5,2,2020-11-10
Comprador 1,1,2020-11-17
Comprador 2,7,2020-11-17
Comprador 3,1,2020-11-17
Comprador 4,9,2020-11-17
Comprador 5,10,2020-11-17
Comprador 1,2,2020-11-24
Comprador 2,3,2020-11-24
Comprador 3,8,2020-11-24
Comprador 4,9,2020-11-24
Comprador 5,4,2020-11-24
Comprador 1,7,2020-12-01
Comprador 2,9,2020-12-01
Comprador 3,4,2020-12-01
Comprador 4,6,2020-12-01
Comprador 5,5,2020-12-01
Comprador 1,6,2020-12-08
Comprador 2,6,2020-12-08
Comprador 3,7,2020-12-08
Comprador 4,1,2020-12-08
Comprador 5,5,2020-12-08
Comprador 1,9,2020-12-15
Comprador 2,4,2020-12-15
Comprador 3,8,2020-12-15
Comprador 4,7,2020-12-15
Comprador 5,5,2020-12-15
Comprador 1,6,2020-12-22
Comprador 2,7,2020-12-22
Comprador 3,4,2020-12-22
Comprador 4,10,2020-12-22
Comprador 5,9,2020-12-22
Comprador 1,7,2020-12-29
Comprador 2,10,2020-12-29
Comprador 3,4,2020-12-29
Comprador 4,6,2020-12-29
Comprador 5,3,2020-12-29
Comprador 1,2,2021-01-05
Comprador 2,8,2021-01-05
Comprador 3,3,2021-01-05
Comprador 4,7,2021-01-05
Comprador 5,6,2021-01-05
Comprador 1,10,2021-01-12
Comprador 2,8,2021-01-12
Comprador 3,2,2021-01-12
Comprador 4,5,2021-01-12
Comprador 5,6,2021-01-12
Comprador 1,3,2021-01-19
Comprador 2,4,2021-01-19
Comprador 3,2,2021-01-19
Comprador 4,4,2021-01-19
Comprador 5,10,2021-01-19
Comprador 1,8,2021-01-26
Comprador 2,5,2021-01-26
Comprador 3,7,2021-01-26
Comprador 4,4,2021-01-26
Comprador 5,5,2021-01-26
Comprador 1,7,2021-02-02
Comprador 2,2,2021-02-02
Comprador 3,4,2021-02-02
Comprador 4,7,2021-02-02
Comprador 5,3,2021-02-02
Comprador 1,9,2021-02-09
Comprador 2,10,2021-02-09
Comprador 3,2,2021-02-09
Comprador 4,9,2021-02-09
Comprador 5,8,2021-02-09
Comprador 1,7,2021-02-16
Comprador 2,8,2021-02-16
Comprador 3,3,2021-02-16
Comprador 4,4,2021-02-16
Comprador 5,6,2021-02-16
Comprador 1,4,2021-02-23
Comprador 2,8,2021-02-23
Comprador 3,1,2021-02-23
Comprador 4,7,2021-02-23
Comprador 5,6,2021-02-23
Comprador 1,8,2021-03-02
Comprador 2,4,2021-03-02
Comprador 3,2,2021-03-02
Comprador 4,3,2021-03-02
Comprador 5,7,2021-03-02
Comprador 1,4,2021-03-09
Comprador 2,2,2021-03-09
Comprador 3,4,2021-03-09
Comprador 4,3,2021-03-09
Comprador 5,8,2021-03-09
Comprador 1,3,2021-03-16
Comprador 2,3,2021-03-16
Comprador 3,2,2021-03-16
Comprador 4,5,2021-03-16
Comprador 5,1,2021-03-16
Comprador 1,6,2021-03-23
Comprador 2,6,2021-03-23
Comprador 3,5,2021-03-23
Comprador 4,9,2021-03-23
Comprador 5,1,2021-03-23
Comprador 1,1,2021-03-30
Comprador 2,2,2021-03-30
Comprador 3,10,2021-03-30
Comprador 4,8,2021-03-30
Comprador 5,7,2021-03-30
Comprador 1,2,2021-04-06
Comprador 2,9,2021-04-06
Comprador 3,7,2021-04-06
Comprador 4,1,2021-04-06
Comprador 5,10,2021-04-06
Comprador 1,7,2021-04-13
Comprador 2,3,2021-04-13
Comprador 3,5,2021-04-13
Comprador 4,2,2021-04-13
Comprador 5,7,2021-04-13
Comprador 1,5,2021-04-20
Comprador 2,6,2021-04-20
Comprador 3,2,2021-04-20
Comprador 4,10,2021-04-20
Comprador 5,7,2021-04-20
Comprador 1,10,2021-04-27
Comprador 2,6,2021-04-27
Comprador 3,1,2021-04-27
Comprador 4,1,2021-04-27
Comprador 5,5,2021-04-27
Comprador 1,5,2021-05-04
Comprador 2,5,2021-05-04
Comprador 3,8,2021-05-04
Comprador 4,4,2021-05-04
Comprador 5,5,2021-05-04
Comprador 1,3,2021-05-11
Comprador 2,6,2021-05-11
Comprador 3,10,2021-05-11
Comprador 4,10,2021-05-11
Comprador 5,7,2021-05-11
Comprador 1,5,2021-05-18
Comprador 2,5,2021-05-18
Comprador 3,6,2021-05-18
Comprador 4,1,2021-05-18
Comprador 5,8,2021-05-18
Comprador 1,3,2021-05-25
Comprador 2,3,2021-05-25
Comprador 3,4,2021-05-25
Comprador 4,7,2021-05-25
Comprador 5,4,2021-05-25
Comprador 1,9,2021-06-01
Comprador 2,8,2021-06-01
Comprador 3,7,2021-06-01
Comprador 4,9,2021-06-01
Comprador 5,3,2021-06-01
Comprador 1,7,2021-06-08
Comprador 2,3,2021-06-08
Comprador 3,5,2021-06-08
Comprador 4,9,2021-06-08
Comprador 5,7,2021-06-08
Comprador 1,4,2021-06-15
Comprador 2,1,2021-06-15
Comprador 3,1,2021-06-15
Comprador 4,9,2021-06-15
Comprador 5,1,2021-06-15
Comprador 1,1,2021-06-22
Comprador 2,9,2021-06-22
Comprador 3,4,2021-06-22
Comprador 4,6,2021-06-22
Comprador 5,4,2021-06-22
Comprador 1,9,2021-06-29
Comprador 2,10,2021-06-29
Comprador 3,3,2021-06-29
Comprador 4,7,2021-06-29
Comprador 5,2,2021-06-29
Comprador 1,2,2021-07-06
Comprador 2,6,2021-07-06
Comprador 3,2,2021-07-06
Comprador 4,7,2021-07-06
Comprador 5,7,2021-07-06
Comprador 1,4,2021-07-13
Comprador 2,4,2021-07-13
Comprador 3,6,2021-07-13
Comprador 4,4,2021-07-13
Comprador 5,1,2021-07-13
Comprador 1,4,2021-07-20
Comprador 2,1,2021-07-20
Comprador 3,8,2021-07-20
Comprador 4,4,2021-07-20
Comprador 5,8,2021-07-20
Comprador 1,2,2021-07-27
Comprador 2,8,2021-07-27
Comprador 3,9,2021-07-27
Comprador 4,3,2021-07-27
Comprador 5,1,2021-07-27
Comprador 1,8,2021-08-03
Comprador 2,4,2021-08-03
Comprador 3,1,2021-08-03
Comprador 4,4,2021-08-03
Comprador 5,9,2021-08-03
Comprador 1,9,2021-08-10
Comprador 2,1,2021-08-10
Comprador 3,9,2021-08-10
Comprador 4,6,2021-08-10
Comprador 5,8,2021-08-10
Comprador 1,9,2021-08-17
Comprador 2,8,2021-08-17
Comprador 3,3,2021-08-17
Comprador 4,1,2021-08-17
Comprador 5,3,2021-08-17
Comprador 1,1,2021-08-24
Comprador 2,1,2021-08-24
Comprador 3,1,2021-08-24
Comprador 4,7,2021-08-24
Comprador 5,8,2021-08-24
Comprador 1,6,2021-08-31
Comprador 2,5,2021-08-31
Comprador 3,4,2021-08-31
Comprador 4,8,2021-08-31
Comprador 5,6,2021-08-31
Comprador 1,1,2021-09-07
Comprador 2,9,2021-09-07
Comprador 3,10,2021-09-07
Comprador 4,8,2021-09-07
Comprador 5,3,2021-09-07
Comprador 1,2,2021-09-14
Comprador 2,9,2021-09-14
Comprador 3,3,2021-09-14
Comprador 4,5,2021-09-14
Comprador 5,2,2021-09-14
Comprador 1,10,2021-09-21
Comprador 2,5,2021-09-21
Comprador 3,2,2021-09-21
Comprador 4,10,2021-09-21
Comprador 5,3,2021-09-21
Comprador 1,3,2021-09-28
Comprador 2,5,2021-09-28
Comprador 3,5,2021-09-28
Comprador 4,4,2021-09-28
Comprador 5,3,2021-09-28
Comprador 1,1,2021-10-05
Comprador 2,2,2021-10-05
Comprador 3,8,2021-10-05
Comprador 4,4,2021-10-05
Comprador 5,2,2021-10-05
Comprador 1,4,2021-10-12
Comprador 2,3,2021-10-12
Comprador 3,2,2021-10-12
Comprador 4,8,2021-10-12
Comprador 5,3,2021-10-12
Comprador 1,10,2021-10-19
Comprador 2,10,2021-10-19
Comprador 3,5,2021-10-19
Comprador 4,7,2021-10-19
Comprador 5,7,2021-10-19
Comprador 1,9,2021-10-26
Comprador 2,7,2021-10-26
Comprador 3,10,2021-10-26
Comprador 4,9,2021-10-26
Comprador 5,3,2021-10-26
Comprador 1,7,2021-11-02
Comprador 2,3,2021-11-02
Comprador 3,10,2021-11-02
Comprador 4,7,2021-11-02
Comprador 5,7,2021-11-02
Comprador 1,9,2021-11-09
Comprador 2,5,2021-11-09
Comprador 3,5,2021-11-09
Comprador 4,5,2021-11-09
Comprador 5,1,2021-11-09
Comprador 1,7,2021-11-16
Comprador 2,10,2021-11-16
Comprador 3,9,2021-11-16
Comprador 4,3,2021-11-16
Comprador 5,10,2021-11-16
Comprador 1,7,2021-11-23
Comprador 2,5,2021-11-23
Comprador 3,5,2021-11-23
Comprador 4,5,2021-11-23
Comprador 5,8,2021-11-23
Comprador 1,3,2021-11-30
Comprador 2,2,2021-11-30
Comprador 3,7,2021-11-30
Comprador 4,4,2021-11-30
Comprador 5,8,2021-11-30
Comprador 1,3,2021-12-07
Comprador 2,4,2021-12-07
Comprador 3,7,2021-12-07
Comprador 4,2,2021-12-07
Comprador 5,4,2021-12-07
Comprador 1,1,2021-12-14
Comprador 2,10,2021-12-14
Comprador 3,10,2021-12-14
Comprador 4,2,2021-12-14
Comprador 5,9,2021-12-14
Comprador 1,1,2021-12-21
Comprador 2,3,2021-12-21
Comprador 3,7,2021-12-21
Comprador 4,6,2021-12-21
Comprador 5,6,2021-12-21
Comprador 1,7,2021-12-28
Comprador 2,8,2021-12-28
Comprador 3,5,2021-12-28
Comprador 4,10,2021-12-28
Comprador 5,9,2021-12-28
Comprador 1,10,2022-01-04
Comprador 2,8,2022-01-04
Comprador 3,1,2022-01-04
Comprador 4,4,2022-01-04
Comprador 5,10,2022-01-04
Comprador 1,6,2022-01-11
Comprador 2,5,2022-01-11
Comprador 3,6,2022-01-11
Comprador 4,5,2022-01-11
Comprador 5,4,2022-01-11
Comprador 1,5,2022-01-18
Comprador 2,6,2022-01-18
Comprador 3,8,2022-01-18
Comprador 4,7,2022-01-18
Comprador 5,3,2022-01-18
Comprador 1,5,2022-01-25
Comprador 2,1,2022-01-25
Comprador 3,5,2022-01-25
Comprador 4,1,2022-01-25
Comprador 5,1,2022-01-25
Comprador 1,5,2022-02-01
Comprador 2,2,2022-02-01
Comprador 3,1,2022-02-01
Comprador 4,5,2022-02-01
Comprador 5,5,2022-02-01
Comprador 1,1,2022-02-08
Comprador 2,2,2022-02-08
Comprador 3,3,2022-02-08
Comprador 4,8,2022-02-08
Comprador 5,10,2022-02-08
Comprador 1,2,2022-02-15
Comprador 2,3,2022-02-15
Comprador 3,8,2022-02-15
Comprador 4,8,2022-02-15
Comprador 5,8,2022-02-15
Comprador 1,8,2022-02-22
Comprador 2,7,2022-02-22
Comprador 3,3,2022-02-22
Comprador 4,1,2022-02-22
Comprador 5,2,2022-02-22
Comprador 1,2,2022-03-01
Comprador 2,3,2022-03-01
Comprador 3,4,2022-03-01
Comprador 4,10,2022-03-01
Comprador 5,8,2022-03-01
Comprador 1,10,2022-03-08
Comprador 2,6,2022-03-08
Comprador 3,5,2022-03-08
Comprador 4,4,2022-03-08
Comprador 5,10,2022-03-08
Comprador 1,1,2022-03-15
Comprador 2,4,2022-03-15
Comprador 3,9,2022-03-15
Comprador 4,1,2022-03-15
Comprador 5,4,2022-03-15
Comprador 1,6,2022-03-22
Comprador 2,8,2022-03-22
Comprador 3,3,2022-03-22
Comprador 4,4,2022-03-22
Comprador 5,6,2022-03-22
Comprador 1,5,2022-03-29
Comprador 2,1,2022-03-29
Comprador 3,1,2022-03-29
Comprador 4,4,2022-03-29
Comprador 5,6,2022-03-29
Comprador 1,3,2022-04-05
Comprador 2,10,2022-04-05
Comprador 3,6,2022-04-05
Comprador 4,3,2022-04-05
Comprador 5,3,2022-04-05
Comprador 1,6,2022-04-12
Comprador 2,8,2022-04-12
Comprador 3,9,2022-04-12
Comprador 4,10,2022-04-12
Comprador 5,4,2022-04-12
Comprador 1,9,2022-04-19
Comprador 2,1,2022-04-19
Comprador 3,6,2022-04-19
Comprador 4,4,2022-04-19
Comprador 5,1,2022-04-19
Comprador 1,6,2022-04-26
Comprador 2,4,2022-04-26
Comprador 3,3,2022-04-26
Comprador 4,5,2022-04-26
Comprador 5,3,2022-04-26
Comprador 1,8,2022-05-03
Comprador 2,6,2022-05-03
Comprador 3,3,2022-05-03
Comprador 4,2,2022-05-03
Comprador 5,3,2022-05-03
Comprador 1,7,2022-05-10
Comprador 2,4,2022-05-10
Comprador 3,10,2022-05-10
Comprador 4,5,2022-05-10
Comprador 5,6,2022-05-10
Comprador 1,9,2022-05-17
Comprador 2,2,2022-05-17
Comprador 3,10,2022-05-17
Comprador 4,1,2022-05-17
Comprador 5,9,2022-05-17
Comprador 1,10,2022-05-24
Comprador 2,4,2022-05-24
Comprador 3,7,2022-05-24
Comprador 4,2,2022-05-24
Comprador 5,6,2022-05-24
Comprador 1,5,2022-05-31
Comprador 2,1,2022-05-31
Comprador 3,9,2022-05-31
Comprador 4,9,2022-05-31
Comprador 5,10,2022-05-31
Comprador 1,4,2022-06-07
Comprador 2,3,2022-06-07
Comprador 3,2,2022-06-07
Comprador 4,3,2022-06-07
Comprador 5,8,2022-06-07
Comprador 1,2,2022-06-14
Comprador 2,10,2022-06-14
Comprador 3,7,2022-06-14
Comprador 4,8,2022-06-14
Comprador 5,7,2022-06-14
Comprador 1,4,2022-06-21
Comprador 2,2,2022-06-21
Comprador 3,7,2022-06-21
Comprador 4,1,2022-06-21
Comprador 5,6,2022-06-21
Comprador 1,5,2022-06-28
Comprador 2,1,2022-06-28
Comprador 3,5,2022-06-28
Comprador 4,6,2022-06-28
Comprador 5,9,2022-06-28
Comprador 1,10,2022-07-05
Comprador 2,4,2022-07-05
Comprador 3,4,2022-07-05
Comprador 4,6,2022-07-05
Comprador 5,4,2022-07-05
Comprador 1,1,2022-07-12
Comprador 2,3,2022-07-12
Comprador 3,8,2022-07-12
Comprador 4,2,2022-07-12
Comprador 5,6,2022-07-12
Comprador 1,6,2022-07-19
Comprador 2,4,2022-07-19
Comprador 3,5,2022-07-19
Comprador 4,7,2022-07-19
Comprador 5,5,2022-07-19
Comprador 1,2,2022-07-26
Comprador 2,5,2022-07-26
Comprador 3,8,2022-07-26
Comprador 4,6,2022-07-26
Comprador 5,4,2022-07-26
Comprador 1,2,2022-08-02
Comprador 2,3,2022-08-02
Comprador 3,4,2022-08-02
Comprador 4,10,2022-08-02
Comprador 5,9,2022-08-02
Comprador 1,9,2022-08-09
Comprador 2,3,2022-08-09
Comprador 3,1,2022-08-09
Comprador 4,1,2022-08-09
Comprador 5,5,2022-08-09
Comprador 1,1,2022-08-16
Comprador 2,9,2022-08-16
Comprador 3,10,2022-08-16
Comprador 4,10,2022-08-16
Comprador 5,5,2022-08-16
Comprador 1,6,2022-08-23
Comprador 2,1,2022-08-23
Comprador 3,10,2022-08-23
Comprador 4,3,2022-08-23
Comprador 5,7,2022-08-23
Comprador 1,5,2022-08-30
Comprador 2,1,2022-08-30
Comprador 3,1,2022-08-30
Comprador 4,3,2022-08-30
Comprador 5,4,2022-08-30
Comprador 1,1,2022-09-06
Comprador 2,7,2022-09-06
Comprador 3,9,2022-09-06
Comprador 4,9,2022-09-06
Comprador 5,4,2022-09-06
Comprador 1,9,2022-09-13
Comprador 2,6,2022-09-13
Comprador 3,1,2022-09-13
Comprador 4,9,2022-09-13
Comprador 5,5,2022-09-13
Comprador 1,1,2022-09-20
Comprador 2,3,2022-09-20
Comprador 3,10,2022-09-20
Comprador 4,1,2022-09-20
Comprador 5,9,2022-09-20
Comprador 1,8,2022-09-27
Comprador 2,6,2022-09-27
Comprador 3,10,2022-09-27
Comprador 4,6,2022-09-27
Comprador 5,4,2022-09-27
Comprador 1,9,2022-10-04
Comprador 2,1,2022-10-04
Comprador 3,3,2022-10-04
Comprador 4,1,2022-10-04
Comprador 5,5,2022-10-04
Comprador 1,6,2022-10-11
Comprador 2,2,2022-10-11
Comprador 3,3,2022-10-11
Comprador 4,10,2022-10-11
Comprador 5,7,2022-10-11
Comprador 1,1,2022-10-18
Comprador 2,8,2022-10-18
Comprador 3,6,2022-10-18
Comprador 4,7,2022-10-18
Comprador 5,7,2022-10-18
Comprador 1,2,2022-10-25
Comprador 2,5,2022-10-25
Comprador 3,4,2022-10-25
Comprador 4,6,2022-10-25
Comprador 5,10,2022-10-25
Comprador 1,1,2022-11-01
Comprador 2,10,2022-11-01
Comprador 3,10,2022-11-01
Comprador 4,9,2022-11-01
Comprador 5,2,2022-11-01
Comprador 1,5,2022-11-08
Comprador 2,7,2022-11-08
Comprador 3,9,2022-11-08
Comprador 4,6,2022-11-08
Comprador 5,8,2022-11-08
Comprador 1,2,2022-11-15
Comprador 2,10,2022-11-15
Comprador 3,2,2022-11-15
Comprador 4,5,2022-11-15
Comprador 5,5,2022-11-15
Comprador 1,10,2022-11-22
Comprador 2,4,2022-11-22
Comprador 3,2,2022-11-22
Comprador 4,6,2022-11-22
Comprador 5,9,2022-11-22
Comprador 1,9,2022-11-29
Comprador 2,2,2022-11-29
Comprador 3,5,2022-11-29
Comprador 4,1,2022-11-29
Comprador 5,4,2022-11-29
Comprador 1,8,2022-12-06
Comprador 2,3,2022-12-06
Comprador 3,1,2022-12-06
Comprador 4,6,2022-12-06
Comprador 5,8,2022-12-06
Comprador 1,5,2022-12-13
Comprador 2,10,2022-12-13
Comprador 3,8,2022-12-13
Comprador 4,6,2022-12-13
Comprador 5,6,2022-12-13
Comprador 1,10,2022-12-20
Comprador 2,1,2022-12-20
Comprador 3,3,2022-12-20
Comprador 4,1,2022-12-20
Comprador 5,7,2022-12-20
Comprador 1,9,2022-12-27
Comprador 2,2,2022-12-27
Comprador 3,10,2022-12-27
Comprador 4,2,2022-12-27
Comprador 5,2,2022-12-27
Comprador 1,9,2023-01-03
Comprador 2,6,2023-01-03
Comprador 3,6,2023-01-03
Comprador 4,3,2023-01-03
Comprador 5,1,2023-01-03
Comprador 1,2,2023-01-10
Comprador 2,4,2023-01-10
Comprador 3,5,2023-01-10
Comprador 4,9,2023-01-10
Comprador 5,10,2023-01-10
Comprador 1,8,2023-01-17
Comprador 2,4,2023-01-17
Comprador 3,7,2023-01-17
Comprador 4,5,2023-01-17
Comprador 5,8,2023-01-17
Comprador 1,7,2023-01-24
Comprador 2,6,2023-01-24
Comprador 3,4,2023-01-24
Comprador 4,10,2023-01-24
Comprador 5,2,2023-01-24
Comprador 1,4,2023-01-31
Comprador 2,8,2023-01-31
Comprador 3,5,2023-01-31
Comprador 4,10,2023-01-31
Comprador 5,8,2023-01-31
Comprador 1,8,2023-02-07
Comprador 2,2,2023-02-07
Comprador 3,6,2023-02-07
Comprador 4,10,2023-02-07
Comprador 5,10,2023-02-07
Comprador 1,3,2023-02-14
Comprador 2,4,2023-02-14
Comprador 3,8,2023-02-14
Comprador 4,1,2023-02-14
Comprador 5,4,2023-02-14
Comprador 1,1,2023-02-21
Comprador 2,7,2023-02-21
Comprador 3,3,2023-02-21
Comprador 4,6,2023-02-21
Comprador 5,1,2023-02-21
Comprador 1,3,2023-02-28
Comprador 2,1,2023-02-28
Comprador 3,8,2023-02-28
Comprador 4,3,2023-02-28
Comprador 5,4,2023-02-28
Comprador 1,8,2023-03-07
Comprador 2,8,2023-03-07
Comprador 3,4,2023-03-07
Comprador 4,10,2023-03-07
Comprador 5,1,2023-03-07
Comprador 1,3,2023-03-14
Comprador 2,2,2023-03-14
Comprador 3,4,2023-03-14
Comprador 4,9,2023-03-14
Comprador 5,6,2023-03-14
Comprador 1,6,2023-03-21
Comprador 2,3,2023-03-21
Comprador 3,3,2023-03-21
Comprador 4,3,2023-03-21
Comprador 5,9,2023-03-21
Comprador 1,4,2023-03-28
Comprador 2,6,2023-03-28
Comprador 3,1,2023-03-28
Comprador 4,9,2023-03-28
Comprador 5,2,2023-03-28
